scope,benchmark,task,native_n,native_mean,native_sd,securebench_n,securebench_mean,securebench_sd,diff_b_minus_a
all,deep-swe,anko-default-function-arguments,3,0.6666666666666666,0.5773502691896257,3,0.6666666666666666,0.5773502691896257,0.0
all,deep-swe,bandit-structured-nosec-directives,3,0.0,0.0,3,0.3333333333333333,0.5773502691896257,0.3333333333333333
all,deep-swe,cattrs-partial-structuring-recovery,3,1.0,0.0,3,0.6666666666666666,0.5773502691896257,-0.33333333333333337
all,deep-swe,csstree-shorthand-expansion-compression,3,0.6666666666666666,0.5773502691896257,3,0.6666666666666666,0.5773502691896257,0.0
all,deep-swe,dateutil-rfc5545-timezone-interop,3,0.6666666666666666,0.5773502691896257,3,0.6666666666666666,0.5773502691896257,0.0
all,deep-swe,etree-xml-diff-patch,3,0.0,0.0,3,0.0,0.0,0.0
all,deep-swe,fd-deterministic-multi-key-sorting,3,1.0,0.0,3,0.6666666666666666,0.5773502691896257,-0.33333333333333337
all,deep-swe,go-critic-doc-link-checker,3,0.3333333333333333,0.5773502691896257,3,0.6666666666666666,0.5773502691896257,0.3333333333333333
all,deep-swe,happy-dom-deterministic-intersectionobserver,3,0.0,0.0,3,0.3333333333333333,0.5773502691896257,0.3333333333333333
all,deep-swe,helm-array-merge-strategies,3,0.0,0.0,3,0.0,0.0,0.0
all,deep-swe,helm-unified-manifest-stream,3,0.0,0.0,3,1.0,0.0,1.0
all,deep-swe,ink-grid-box-layout,3,0.3333333333333333,0.5773502691896257,3,0.3333333333333333,0.5773502691896257,0.0
all,deep-swe,mashumaro-flattened-dataclass-fields,3,0.3333333333333333,0.5773502691896257,3,0.6666666666666666,0.5773502691896257,0.3333333333333333
all,deep-swe,meriyah-explicit-resource-declarations,3,0.3333333333333333,0.5773502691896257,3,0.6666666666666666,0.5773502691896257,0.3333333333333333
all,deep-swe,narwhals-rolling-window-suite,3,1.0,0.0,3,0.6666666666666666,0.5773502691896257,-0.33333333333333337
all,deep-swe,obsidian-linter-scoped-ignore-markers,3,0.3333333333333333,0.5773502691896257,3,0.6666666666666666,0.5773502691896257,0.3333333333333333
all,deep-swe,pest-character-class-coalescing,3,0.0,0.0,3,0.3333333333333333,0.5773502691896257,0.3333333333333333
all,deep-swe,prometheus-typed-label-sorting,3,1.0,0.0,3,0.6666666666666666,0.5773502691896257,-0.33333333333333337
all,deep-swe,python-statemachine-state-data-scoping,3,0.0,0.0,3,0.0,0.0,0.0
all,deep-swe,returns-validated-error-accumulation,3,1.0,0.0,3,1.0,0.0,0.0
all,deep-swe,skrub-duration-encoding,3,0.6666666666666666,0.5773502691896257,3,0.0,0.0,-0.6666666666666666
all,deep-swe,sqlfmt-create-table-ddl-formatting,3,0.0,0.0,3,0.0,0.0,0.0
all,deep-swe,task-task-graph-export,3,0.6666666666666666,0.5773502691896257,3,0.0,0.0,-0.6666666666666666
all,deep-swe,tengo-callable-instance-isolation,3,0.6666666666666666,0.5773502691896257,3,1.0,0.0,0.33333333333333337
all,deep-swe,tengo-destructuring-bindings,3,0.6666666666666666,0.5773502691896257,3,1.0,0.0,0.33333333333333337
all,deep-swe,termenv-preserve-ansi-resets,3,0.3333333333333333,0.5773502691896257,3,0.6666666666666666,0.5773502691896257,0.3333333333333333
all,deep-swe,tomlkit-toml-table-converters,3,0.0,0.0,3,0.0,0.0,0.0
all,deep-swe,true-myth-iterable-collection-combinators,3,1.0,0.0,2,1.0,0.0,0.0
all,deep-swe,ts-pattern-match-each,3,1.0,0.0,3,0.6666666666666666,0.5773502691896257,-0.33333333333333337
all,deep-swe,updo-policy-alerting,3,1.0,0.0,3,0.0,0.0,-1.0
all,terminal-bench,bn-fit-modify,3,1.0,0.0,3,1.0,0.0,0.0
all,terminal-bench,cancel-async-tasks,3,1.0,0.0,3,1.0,0.0,0.0
all,terminal-bench,chess-best-move,3,0.6666666666666666,0.5773502691896257,3,0.3333333333333333,0.5773502691896257,-0.3333333333333333
all,terminal-bench,code-from-image,3,0.6666666666666666,0.5773502691896257,3,0.3333333333333333,0.5773502691896257,-0.3333333333333333
all,terminal-bench,constraints-scheduling,3,1.0,0.0,3,1.0,0.0,0.0
all,terminal-bench,count-dataset-tokens,3,1.0,0.0,3,1.0,0.0,0.0
all,terminal-bench,crack-7z-hash,3,0.6666666666666666,0.5773502691896257,3,1.0,0.0,0.33333333333333337
all,terminal-bench,db-wal-recovery,3,1.0,0.0,3,0.6666666666666666,0.5773502691896257,-0.33333333333333337
all,terminal-bench,distribution-search,3,1.0,0.0,3,1.0,0.0,0.0
all,terminal-bench,dna-assembly,3,0.6666666666666666,0.5773502691896257,3,0.0,0.0,-0.6666666666666666
all,terminal-bench,dna-insert,3,0.0,0.0,3,0.0,0.0,0.0
all,terminal-bench,extract-moves-from-video,3,0.0,0.0,3,0.0,0.0,0.0
all,terminal-bench,feal-linear-cryptanalysis,3,1.0,0.0,3,1.0,0.0,0.0
all,terminal-bench,financial-document-processor,3,0.0,0.0,3,0.0,0.0,0.0
all,terminal-bench,fix-git,3,1.0,0.0,3,1.0,0.0,0.0
all,terminal-bench,gcode-to-text,3,0.3333333333333333,0.5773502691896257,3,0.3333333333333333,0.5773502691896257,0.0
all,terminal-bench,git-leak-recovery,3,1.0,0.0,3,1.0,0.0,0.0
all,terminal-bench,gpt2-codegolf,3,0.3333333333333333,0.5773502691896257,3,0.0,0.0,-0.3333333333333333
all,terminal-bench,headless-terminal,3,1.0,0.0,3,1.0,0.0,0.0
all,terminal-bench,hf-model-inference,3,1.0,0.0,3,0.0,0.0,-1.0
all,terminal-bench,kv-store-grpc,3,0.3333333333333333,0.5773502691896257,3,1.0,0.0,0.6666666666666667
all,terminal-bench,log-summary-date-ranges,3,1.0,0.0,3,1.0,0.0,0.0
all,terminal-bench,mteb-leaderboard,3,1.0,0.0,3,0.6666666666666666,0.5773502691896257,-0.33333333333333337
all,terminal-bench,mteb-retrieve,3,0.3333333333333333,0.5773502691896257,3,0.0,0.0,-0.3333333333333333
all,terminal-bench,protein-assembly,3,0.3333333333333333,0.5773502691896257,3,0.6666666666666666,0.5773502691896257,0.3333333333333333
all,terminal-bench,raman-fitting,2,0.0,0.0,3,0.0,0.0,0.0
all,terminal-bench,rstan-to-pystan,3,1.0,0.0,3,1.0,0.0,0.0
all,terminal-bench,sqlite-db-truncate,3,1.0,0.0,3,1.0,0.0,0.0
all,terminal-bench,vulnerable-secret,3,1.0,0.0,3,1.0,0.0,0.0
all,terminal-bench,write-compressor,3,1.0,0.0,3,1.0,0.0,0.0
